{"cameraMode":{"drawMode":0,"name":"Shaded","section":"Shading Mode"},"sceneLighting":true,"audioPlay":false,"sceneViewState":{"m_AlwaysRefresh":false,"showFog":true,"showSkybox":true,"showFlares":true,"showImageEffects":true,"showParticleSystems":true,"showVisualEffectGraphs":true,"m_FxEnabled":true},"in2DMode":false,"pivot":{"x":0.43705475330352785,"y":-1.7525054216384888,"z":0.9831743240356445},"rotation":{"x":0.013976235873997212,"y":0.9120669364929199,"z":0.031195934861898423,"w":-0.4086171090602875},"size":3.0975818634033205,"orthographic":false}